-- MySQL Script generated by MySQL Workbench
-- Sat Dec 25 01:36:58 2021
-- Model: New Model    Version: 1.0
-- MySQL Workbench Forward Engineering

Drop Database mydb;
Create Database mydb;

SET @OLD_UNIQUE_CHECKS=@@UNIQUE_CHECKS, UNIQUE_CHECKS=0;
SET @OLD_FOREIGN_KEY_CHECKS=@@FOREIGN_KEY_CHECKS, FOREIGN_KEY_CHECKS=0;
SET @OLD_SQL_MODE=@@SQL_MODE, SQL_MODE='ONLY_FULL_GROUP_BY,STRICT_TRANS_TABLES,NO_ZERO_IN_DATE,NO_ZERO_DATE,ERROR_FOR_DIVISION_BY_ZERO,NO_ENGINE_SUBSTITUTION';

ALTER USER 'root'@'localhost' IDENTIFIED WITH mysql_native_password BY 'baseball55555';
flush privileges;

-- -----------------------------------------------------
-- Schema mydb
-- -----------------------------------------------------

-- -----------------------------------------------------
-- Schema mydb
-- -----------------------------------------------------
CREATE SCHEMA IF NOT EXISTS `mydb` DEFAULT CHARACTER SET utf8 ;
USE `mydb` ;

-- -----------------------------------------------------
-- Table `mydb`.`Pit Moves`
-- -----------------------------------------------------
DROP TABLE IF EXISTS `mydb`.`PitMoves` ;

CREATE TABLE IF NOT EXISTS `mydb`.`PitMoves` (
  `MoveID` INT NOT NULL,
  `MoveName` VARCHAR(45) NULL,
  PRIMARY KEY (`MoveID`))
ENGINE = InnoDB;


-- -----------------------------------------------------
-- Table `mydb`.`NairCombos`
-- -----------------------------------------------------
DROP TABLE IF EXISTS `mydb`.`NairCombos` ;

CREATE TABLE IF NOT EXISTS `mydb`.`NairCombos` (
  `ComboID` INT NOT NULL,
  `MoveID` INT NULL,
  `PWindow` VARCHAR(45) NULL,
  `Practicality` INT NULL,
  `FollowUp` VARCHAR(45) NULL,
  `Damage` DOUBLE NULL,
  `KillConfirm` BOOL NULL,
  `FurtherContinuation` VARCHAR(45) NULL,
  `Notes` VARCHAR(100) NULL,
  PRIMARY KEY (`ComboID`),
  INDEX `MoveID_idx` (`MoveID` ASC) VISIBLE,
  CONSTRAINT `MoveID`
    FOREIGN KEY (`MoveID`)
    REFERENCES `mydb`.`Pit Moves` (`MoveID`)
    ON DELETE NO ACTION
    ON UPDATE NO ACTION)
ENGINE = InnoDB;


-- -----------------------------------------------------
-- Table `mydb`.`SweetBairCombos`
-- -----------------------------------------------------
DROP TABLE IF EXISTS `mydb`.`SweetBairCombos` ;

CREATE TABLE IF NOT EXISTS `mydb`.`SweetBairCombos` (
  `ComboID` INT NOT NULL,
  `MoveID` INT NULL,
  `PWindow` VARCHAR(45) NULL,
  `Practicality` INT NULL,
  `FollowUp` VARCHAR(45) NULL,
  `Damage` DOUBLE NULL,
  `KillConfirm` BOOL NULL,
  `FurtherContinuation` VARCHAR(45) NULL,
  `Notes` VARCHAR(45) NULL,
  PRIMARY KEY (`ComboID`),
  INDEX `MoveID_idx` (`MoveID` ASC) VISIBLE,
  CONSTRAINT `MoveID0`
    FOREIGN KEY (`MoveID`)
    REFERENCES `mydb`.`Pit Moves` (`MoveID`)
    ON DELETE NO ACTION
    ON UPDATE NO ACTION)
ENGINE = InnoDB;


-- -----------------------------------------------------
-- Table `mydb`.`SourBairCombos`
-- -----------------------------------------------------
DROP TABLE IF EXISTS `mydb`.`SourBairCombos` ;

CREATE TABLE IF NOT EXISTS `mydb`.`SourBairCombos` (
  `ComboID` INT NOT NULL,
  `MoveID` INT NULL,
  `PWindow` VARCHAR(45) NULL,
  `Practicality` INT NULL,
  `FollowUp` VARCHAR(45) NULL,
  `Damage` DOUBLE NULL,
  `KillConfirm` BOOL NULL,
  `FurtherContinuation` VARCHAR(45) NULL,
  `Notes` VARCHAR(45) NULL,
  PRIMARY KEY (`ComboID`),
  INDEX `MoveID_idx` (`MoveID` ASC) VISIBLE,
  CONSTRAINT `MoveID1`
    FOREIGN KEY (`MoveID`)
    REFERENCES `mydb`.`Pit Moves` (`MoveID`)
    ON DELETE NO ACTION
    ON UPDATE NO ACTION)
ENGINE = InnoDB;


-- -----------------------------------------------------
-- Table `mydb`.`SourDairCombos`
-- -----------------------------------------------------
DROP TABLE IF EXISTS `mydb`.`SourDairCombos` ;

CREATE TABLE IF NOT EXISTS `mydb`.`SourDairCombos` (
  `ComboID` INT NOT NULL,
  `MoveID` INT NULL,
  `PWindow` VARCHAR(45) NULL,
  `Practicality` INT NULL,
  `FollowUp` VARCHAR(45) NULL,
  `Damage` DOUBLE NULL,
  `KillConfirm` BOOL NULL,
  `FurtherContinuation` VARCHAR(45) NULL,
  `Notes` VARCHAR(45) NULL,
  PRIMARY KEY (`ComboID`),
  INDEX `MoveID_idx` (`MoveID` ASC) VISIBLE,
  CONSTRAINT `MoveID2`
    FOREIGN KEY (`MoveID`)
    REFERENCES `mydb`.`Pit Moves` (`MoveID`)
    ON DELETE NO ACTION
    ON UPDATE NO ACTION)
ENGINE = InnoDB;

-- -----------------------------------------------------
-- Table `mydb`.`GrabDthrowCombos`
-- -----------------------------------------------------
DROP TABLE IF EXISTS `mydb`.`DthrowCombos` ;

CREATE TABLE IF NOT EXISTS `mydb`.`DthrowCombos` (
  `ComboID` INT NOT NULL,
  `MoveID` INT NULL,
  `PWindow` VARCHAR(45) NULL,
  `Practicality` INT NULL,
  `FollowUp` VARCHAR(45) NULL,
  `Damage` DOUBLE NULL,
  `KillConfirm` BOOL NULL,
  `FurtherContinuation` VARCHAR(45) NULL,
  `Notes` VARCHAR(45) NULL,
  PRIMARY KEY (`ComboID`),
  INDEX `MoveID_idx` (`MoveID` ASC) VISIBLE,
  CONSTRAINT `MoveID10`
    FOREIGN KEY (`MoveID`)
    REFERENCES `mydb`.`Pit Moves` (`MoveID`)
    ON DELETE NO ACTION
    ON UPDATE NO ACTION)
ENGINE = InnoDB;


-- -----------------------------------------------------
-- Table `mydb`.`FairCombos`
-- -----------------------------------------------------
DROP TABLE IF EXISTS `mydb`.`FairCombos` ;

CREATE TABLE IF NOT EXISTS `mydb`.`FairCombos` (
  `ComboID` INT NOT NULL,
  `MoveID` INT NULL,
  `PWindow` VARCHAR(45) NULL,
  `Practicality` INT NULL,
  `FollowUp` VARCHAR(45) NULL,
  `Damage` DOUBLE NULL,
  `KillConfirm` BOOL NULL,
  `FurtherContinuation` VARCHAR(45) NULL,
  `Notes` VARCHAR(45) NULL,
  PRIMARY KEY (`ComboID`),
  INDEX `MoveID_idx` (`MoveID` ASC) VISIBLE,
  CONSTRAINT `MoveID4`
    FOREIGN KEY (`MoveID`)
    REFERENCES `mydb`.`Pit Moves` (`MoveID`)
    ON DELETE NO ACTION
    ON UPDATE NO ACTION)
ENGINE = InnoDB;


-- -----------------------------------------------------
-- Table `mydb`.`DtiltCombos`
-- -----------------------------------------------------
DROP TABLE IF EXISTS `mydb`.`DtiltCombos` ;

CREATE TABLE IF NOT EXISTS `mydb`.`DtiltCombos` (
  `ComboID` INT NOT NULL,
  `MoveID` INT NULL,
  `PWindow` VARCHAR(45) NULL,
  `Practicality` INT NULL,
  `FollowUp` VARCHAR(45) NULL,
  `Damage` DOUBLE NULL,
  `KillConfirm` BOOL NULL,
  `FurtherContinuation` VARCHAR(45) NULL,
  `Notes` VARCHAR(45) NULL,
  PRIMARY KEY (`ComboID`),
  INDEX `MoveID_idx` (`MoveID` ASC) VISIBLE,
  CONSTRAINT `MoveID5`
    FOREIGN KEY (`MoveID`)
    REFERENCES `mydb`.`Pit Moves` (`MoveID`)
    ON DELETE NO ACTION
    ON UPDATE NO ACTION)
ENGINE = InnoDB;


-- -----------------------------------------------------
-- Table `mydb`.`UtiltCombos`
-- -----------------------------------------------------
DROP TABLE IF EXISTS `mydb`.`UtiltCombos` ;

CREATE TABLE IF NOT EXISTS `mydb`.`UtiltCombos` (
  `ComboID` INT NOT NULL,
  `MoveID` INT NULL,
  `PWindow` VARCHAR(45) NULL,
  `Practicality` INT NULL,
  `FollowUp` VARCHAR(45) NULL,
  `Damage` DOUBLE NULL,
  `KillConfirm` BOOL NULL,
  `FurtherContinuation` VARCHAR(45) NULL,
  `Notes` VARCHAR(45) NULL,
  PRIMARY KEY (`ComboID`),
  INDEX `MoveID_idx` (`MoveID` ASC) VISIBLE,
  CONSTRAINT `MoveID6`
    FOREIGN KEY (`MoveID`)
    REFERENCES `mydb`.`Pit Moves` (`MoveID`)
    ON DELETE NO ACTION
    ON UPDATE NO ACTION)
ENGINE = InnoDB;


-- -----------------------------------------------------
-- Table `mydb`.`FthrowCombos`
-- -----------------------------------------------------
DROP TABLE IF EXISTS `mydb`.`FthrowCombos` ;

CREATE TABLE IF NOT EXISTS `mydb`.`FthrowCombos` (
  `ComboID` INT NOT NULL,
  `MoveID` INT NULL,
  `PWindow` VARCHAR(45) NULL,
  `Practicality` INT NULL,
  `FollowUp` VARCHAR(45) NULL,
  `Damage` DOUBLE NULL,
  `KillConfirm` BOOL NULL,
  `FurtherContinuation` VARCHAR(45) NULL,
  `Notes` VARCHAR(45) NULL,
  PRIMARY KEY (`ComboID`),
  INDEX `MoveID_idx` (`MoveID` ASC) VISIBLE,
  CONSTRAINT `MoveID7`
    FOREIGN KEY (`MoveID`)
    REFERENCES `mydb`.`Pit Moves` (`MoveID`)
    ON DELETE NO ACTION
    ON UPDATE NO ACTION)
ENGINE = InnoDB;


-- -----------------------------------------------------
-- Table `mydb`.`BthrowCombos`
-- -----------------------------------------------------
DROP TABLE IF EXISTS `mydb`.`BthrowCombos` ;

CREATE TABLE IF NOT EXISTS `mydb`.`BthrowCombos` (
  `ComboID` INT NOT NULL,
  `MoveID` INT NULL,
  `PWindow` VARCHAR(45) NULL,
  `Practicality` INT NULL,
  `FollowUp` VARCHAR(45) NULL,
  `Damage` DOUBLE NULL,
  `KillConfirm` BOOL NULL,
  `FurtherContinuation` VARCHAR(45) NULL,
  `Notes` VARCHAR(45) NULL,
  PRIMARY KEY (`ComboID`),
  INDEX `MoveID_idx` (`MoveID` ASC) VISIBLE,
  CONSTRAINT `MoveID8`
    FOREIGN KEY (`MoveID`)
    REFERENCES `mydb`.`Pit Moves` (`MoveID`)
    ON DELETE NO ACTION
    ON UPDATE NO ACTION)
ENGINE = InnoDB;

DROP TABLE IF EXISTS `mydb`.`SweetDairCombos`;

CREATE TABLE IF NOT EXISTS `mydb`.`SweetDairCombos` (
  `ComboID` INT NOT NULL,
  `MoveID` INT NULL,
  `PWindow` VARCHAR(45) NULL,
  `Practicality` INT NULL,
  `FollowUp` VARCHAR(45) NULL,
  `Damage` DOUBLE NULL,
  `KillConfirm` BOOL NULL,
  `FurtherContinuation` VARCHAR(45) NULL,
  `Notes` VARCHAR(45) NULL,
  PRIMARY KEY (`ComboID`),
  INDEX `MoveID_idx` (`MoveID` ASC) VISIBLE,
  CONSTRAINT `MoveID9`
    FOREIGN KEY (`MoveID`)
    REFERENCES `mydb`.`Pit Moves` (`MoveID`)
    ON DELETE NO ACTION
    ON UPDATE NO ACTION)
ENGINE = InnoDB;


-- SET SQL_MODE=@OLD_SQL_MODE;
-- SET FOREIGN_KEY_CHECKS=@OLD_FOREIGN_KEY_CHECKS;
-- SET UNIQUE_CHECKS=@OLD_UNIQUE_CHECKS;

Insert Into PitMoves Values (1, 'Nair');
Insert Into PitMoves Values (2, 'Sweet Bair');
Insert Into PitMoves Values (3, 'Sour Bair');
Insert Into PitMoves Values (4, 'Sweet Dair');
Insert Into PitMoves Values (5, 'Sour Dair');
Insert Into PitMoves Values (6, 'Fair');
Insert Into PitMoves Values (7, 'Dtilt');
Insert Into PitMoves Values (8, 'Utilt');
Insert Into PitMoves Values (9, 'Dthrow');
Insert Into PitMoves Values (10, 'Fthrow');
Insert Into PitMoves Values (11, 'Bthrow');

Insert Into NairCombos Values (1, 1,'Low', 1, 'SH Fair', 44, FALSE, 'Grab/DashAttack/Dtilt/Nair', 'Best for DI Out, Damage assuming DashAttack Followup'); 
Insert Into NairCombos Values (2, 1, 'Low', 1, 'FH Fair', 23.9, FALSE, 'None', 'Easy followup for DI up, wider window');
Insert Into NairCombos Values (3, 1, 'Low', 1, 'FH Dair', 32.9, FALSE, 'Nair', 'Best followup for DI Up, tighter window');
Insert Into NairCombos Values (4, 1, 'Low', 2, 'SH Nair', 42, FALSE, 'Fair/Dair', 'Only on bad DI');
Insert Into NairCombos Values (5, 1, 'Low', 3, 'USmash', 26.5, FALSE, 'None', '');
Insert Into NairCombos Values (6, 1, 'Low', 1, 'FH Bair', 25.1, FALSE, 'None', 'Use instead of FH fair, harder input');
Insert Into NairCombos Values (7, 1, 'Low', 2, 'UTilt', 31.7, FALSE, 'Nair', '');
Insert Into NairCombos Values (8, 1, 'Mid', 1, 'FH Fair', 23.9, FALSE, 'None', 'More Flexible');
Insert Into NairCombos Values (9, 1, 'Mid', 2, 'USmash', 26.5, FALSE, 'None', 'On generous DI'); 

Insert Into SweetBairCombos Values (1, 2, 'Low', 1, 'Grab', 47.1, FALSE, 'See Dthrow Combos', 'Damage is assuming Dair>Nair');
Insert Into SweetBairCombos Values (2, 2, 'Low', 1, 'DashAttack', 28.9, FALSE, 'None', 'Larger window than grab');
Insert Into SweetBairCombos Values (3, 2, 'Low', 2, 'FSmash', 34.0, FALSE, 'None', 'Very tight window');
Insert Into SweetBairCombos Values (4, 2, 'Low', 3, 'FTilt', 27.7, FALSE, 'None', 'Worse than Dash Attack');
Insert Into SweetBairCombos Values (5, 2, 'Mid', 1, 'DashAttack', 28.9, FALSE, 'None', '');

Insert Into SourBairCombos Values (1, 3, 'Low', 1, 'Nair', 46, FALSE, 'See Nair Combos', 'Most flexible and good combo potential');
Insert Into SourBairCombos Values (2, 3, 'Low', 2, 'FSmash', 28.9, FALSE, 'None', '');
Insert Into SourBairCombos Values (3, 3, 'Low', 1, 'Grab', 41.2, FALSE, 'See Dthrow Combos', 'Damage is assuming Dair>Nair');
Insert Into SourBairCombos Values (4, 3, 'Low', 2, 'DashAttack', 23.9, FALSE, 'None', '');
Insert Into SourBairCombos Values (5, 3, 'Low', 2, 'USmash', 26.5, FALSE, 'None', 'Turnaround Usmash, tight window');
Insert Into SourBairCombos Values (6, 3, 'Low', 2, 'Dtilt', 42, FALSE, 'Nair/Usmash', 'At or near 0');
Insert Into SourBairCombos Values (7, 3, 'Low', 1, 'Utilt', 33.2, FALSE, 'Nair', 'Turnaround Utilt');
Insert Into SourBairCombos Values (8, 3, 'Low', 3, 'DSmash', 25.2, FALSE, 'None', '');
Insert Into SourBairCombos Values (9, 3, 'Low', 3, 'Ftilt', 18.9, FALSE, 'None', '');
Insert Into SourBairCombos Values (10, 3, 'Mid', 1, 'Grab', 31, FALSE, 'See Dthrow Combos', 'Damage is assuming Dair>Nair');
Insert Into SourBairCombos Values (11, 3, 'Mid', 1, 'Utilt', 35, FALSE, 'Nair/Uair', '');
Insert Into SourBairCombos Values (12, 3, 'Mid', 1, 'Dair', 35, FALSE, 'Nair/Uair', '');
Insert Into SourBairCombos Values (13, 3, 'Mid', 2, 'USmash', 26.4, FALSE, 'None', '');
Insert Into SourBairCombos Values (14, 3, 'Mid', 2, 'Bair', 23.1, FALSE, 'None', 'Doesnt require turnaround');
Insert Into SourBairCombos Values (15, 3, 'Mid', 1, 'SH Fair', 21.8, FALSE, 'None', 'Followups on fastfallers');
Insert Into SourBairCombos Values (16, 3, 'Mid', 2, 'SH Uair', 21.8, FALSE, 'None', '');
Insert Into SourBairCombos Values (17, 3, 'Mid', 2, 'RAR Dair', 35.8, TRUE, 'Bair', 'Tight Window');
Insert Into SourBairCombos Values (18, 3, 'Mid', 3, 'SH Nair', 20.1, FALSE, 'None', '');
Insert Into SourBairCombos Values (19, 3, 'High', 1, 'Bair', 23.1, TRUE, 'None', '');
Insert Into SourBairCombos Values (20, 3, 'High', 1, 'Dair', 36.5, FALSE, 'Uair', '');
Insert Into SourBairCombos Values (21, 3, 'High', 1, 'Utilt', 35, FALSE, 'Nair/Uair', '');
Insert Into SourBairCombos Values (22, 3, 'High', 2, 'FH Fair', 23.9, FALSE, 'None', '');
Insert Into SourBairCombos Values (23, 3, 'High', 2, 'Uair', 23.9, FALSE, 'None', '');
Insert Into SourBairCombos Values (24, 3, 'High', 3, 'USmash', 23.9, FALSE, 'None', 'Tight Window');
Insert Into SourBairCombos Values (25, 3, 'High', 3, 'Nair', 21.9, FALSE, 'None', 'Low Damage');

Insert Into SourDairCombos Values (1, 4, 'Low', 1, 'Nair', 40, FALSE, 'Nair/Fair/Dair', 'Best Combo Potential');
Insert Into SourDairCombos Values (2, 4, 'Low', 1, 'Grab', 42.9, FALSE, 'See Dthrow Combos', 'Damage assuming Dair>Nair');
Insert Into SourDairCombos Values (3, 4, 'Low', 1, 'Dair', 35.3, FALSE, 'Nair', '');
Insert Into SourDairCombos Values (4, 4, 'Low', 2, 'FSmash', 31.5, FALSE, 'None', 'Smaller window');
Insert Into SourDairCombos Values (5, 4, 'Low', 2, 'USmash', 28.9, FALSE, 'None', '');
Insert Into SourDairCombos Values (6, 4, 'Low', 3, 'Ftilt', 25.2, FALSE, 'None', '');
Insert Into SourDairCombos Values (17, 4, 'Low', 1, 'Utilt', 35.7, FALSE, 'Nair', '');
Insert Into SourDairCombos Values (7, 4, 'Mid', 1, 'USmash', 29.3, FALSE, 'None', 'Easy and good damage');
Insert Into SourDairCombos Values (8, 4, 'Mid', 1, 'Dair', 37.3, FALSE, 'Uair', '');
Insert Into SourDairCombos Values (18, 4, 'Mid', 1, 'RAR Dair', 38.6, FALSE, 'Bair', '');
Insert Into SourDairCombos Values (9, 4, 'Mid', 2, 'Fair', 24.4, FALSE, 'None', '');
Insert Into SourDairCombos Values (10, 4, 'Mid', 2, 'Bair', 27.7, FALSE, 'None', 'More damage but harder than fair');
Insert Into SourDairCombos Values (11, 4, 'Mid', 3, 'Uair', 24.3, FALSE, 'None', 'Only on inner hit dair');
Insert Into SourDairCombos Values (12, 4, 'High', 1, 'Dair', 37.3, FALSE, 'Uair', '');
Insert Into SourDairCombos Values (13, 4, 'High', 1, 'Bair', 27.7, TRUE, 'None', 'RAR (IDJ) Bair');
Insert Into SourDairCombos Values (14, 4, 'High', 2, 'Fair', 26.4, FALSE, 'None', '');
Insert Into SourDairCombos Values (15, 4, 'High', 2, 'Uair', 26.4, FALSE, 'None', '');
Insert Into SourDairCombos Values (16, 4, 'High', 3, 'Nair', 24.4, FALSE, 'None', '');

Insert Into SweetDairCombos Values (1, 5, 'Mid', 2, 'Jab', 23.3, FALSE, 'None', 'Works earliest (35)');
Insert Into SweetDairCombos Values (2, 5, 'Mid', 1, 'Grab', 35.2, FALSE, 'See Dthrow Combos', 'Damage is assuming Dthrow>Bair');
Insert Into SweetDairCombos Values (3, 5, 'Mid', 2, 'DSmash', 27.7, FALSE, 'None', '');
Insert Into SweetDairCombos Values (4, 5, 'Mid', 1, 'Dtilt', 36.5, FALSE, 'Usmash/Nair', 'Damage is assuming USmash');
Insert Into SweetDairCombos Values (5, 5, 'Mid', 1, 'Utilt', 37.5, FALSE, 'Nair/Uair', 'Damage is assuming Uair');
Insert Into SweetDairCombos Values (6, 5, 'Mid', 3, 'SH Nair', 22.6, FALSE, 'None', '');
Insert Into SweetDairCombos Values (7, 5, 'Mid', 3, 'Ftilt',21.4, FALSE, 'None', '');
Insert Into SweetDairCombos Values (8, 5, 'Mid', 1, 'FSmash', 31.5, TRUE, 'None', 'Starts to KC');
Insert Into SweetDairCombos Values (9, 5, 'High', 1, 'Utilt', 37.8, TRUE, 'Uair', '');
Insert Into SweetDairCombos Values (10, 5, 'High', 2, 'Dtilt', 35.2, TRUE, '(Bair/Uair)/Nair/Fair', '');
Insert Into SweetDairCombos Values (11, 5, 'High', 1, 'FSmash', 31.5, TRUE, 'None', '');
Insert Into SweetDairCombos Values (12, 5, 'High', 1, 'USmash', 28.9, TRUE, 'None', 'For after Dair>FSmash connects');
Insert Into SweetDairCombos Values (13, 5, 'High', 2, 'Electroshock', 27.5, TRUE, 'None', 'Worse than FSmash');
Insert Into SweetDairCombos Values (14, 5, 'High', 2, 'Upperdash', 26.4, TRUE, 'None', 'Worse than USmash');
Insert Into SweetDairCombos Values (15, 5, 'High', 3, 'Dsmash', 25.9, TRUE, 'None', 'Kills with slight charge');
Insert Into SweetDairCombos Values (16, 5, 'High', 3, 'Ftilt', 25.2, TRUE, 'None', 'Worse than FSmash');
Insert Into SweetDairCombos Values (17, 5, 'High', 3, 'Jab', 24.5, FALSE, 'None', '');
Insert Into SweetDairCombos Values (18, 5, 'High', 3, 'Nair', 22.6, FALSE, 'None', '');

Insert Into DthrowCombos Values (1, 6, 'Low', 1, 'Nair', 35, FALSE, 'Nair/Fair/Dair/Bair/Usmash', 'Damage mitigated by DI up');
Insert Into DthrowCombos Values (2, 6, 'Low', 1, 'Dair', 30.4, FALSE, 'Nair', '');
Insert Into DthrowCombos Values (3, 6, 'Low', 2, 'SH Uair', 31.6, FALSE, 'Uair', 'Tight window to 2nd Uair');
Insert Into DthrowCombos Values (4, 6, 'Low', 2, 'SH Fair', 50, FALSE, 'Grab/Dtilt/Nair/', 'Only for some fastfallers');
Insert Into DthrowCombos Values (5, 6, 'Low', 2, 'Utilt', 29.2, FALSE, 'Nair', '');
Insert Into DthrowCombos Values (6, 6, 'Low', 3, 'FH Fair', 21.4, FALSE, 'None', '');
Insert Into DthrowCombos Values (7, 6, 'Low', 3, 'Bair', 22.6, FALSE, 'None', '');
Insert Into DthrowCombos Values (8, 6, 'Mid', 1, 'Dair', 31, FALSE, 'Nair/Uair', '');
Insert Into DthrowCombos Values (9, 6, 'Mid', 1, 'RAR Dair', 33.6, TRUE, 'Bair', '');
Insert Into DthrowCombos Values (10, 6, 'Mid', 1, 'Utilt', 30, FALSE, 'Nair/UAir', '');
Insert Into DthrowCombos Values (11, 6, 'Mid', 1, 'Bair', 22.6, FALSE, 'None', 'Turnaround or RAR');
Insert Into DthrowCombos Values (12, 6, 'Mid', 2, 'Fair', 21.4, FALSE, 'None', '');
Insert Into DthrowCombos Values (13, 6, 'Mid', 3, 'USmash', 24.3, FALSE, 'None', 'Inferior to Dair');
Insert Into DthrowCombos Values (14, 6, 'Mid', 3, 'Uair', 19.3, FALSE, 'None', '');
Insert Into DthrowCombos Values (15, 6, 'Mid', 3, 'FH Nair', 18.5, FALSE, 'None', '');
Insert Into DthrowCombos Values (16, 6, 'High', 1, 'RAR Bair', 22.6, TRUE, 'None', '');
Insert Into DthrowCombos Values (17, 6, 'High', 1, 'Uair', 21.4, TRUE, 'None', 'DI in');
Insert Into DthrowCombos Values (18, 6, 'High', 1, 'Dair', 32.6, FALSE, 'Uair', 'Tight Window');
Insert Into DthrowCombos Values (19, 6, 'High', 2, 'Fair', 21.4, TRUE, 'None', 'Inferior to Bair');
Insert Into DthrowCombos Values (20, 6, 'High', 1, 'DD Uair', 24, TRUE, 'None', 'Requires Platform');
Insert Into DthrowCombos Values (21, 6, 'High', 3, 'Nair', 18.5, FALSE, 'None', '');

Insert Into FairCombos Values (1, 7, 'Low', 1, 'Dtilt', 50, FALSE, 'Nair/USmash', 'Damage is assuming nair continuation');
Insert Into FairCombos Values (2, 7, 'Low', 1, 'Grab', 45.8, FALSE, 'See Dthrow Combos', 'Damage is assuming dthrow>dair>nair');
Insert Into FairCombos Values (3, 7, 'Low', 1, 'DashAttack', 27.7, FALSE, 'None', 'Works for wider range');
Insert Into FairCombos Values (4, 7, 'Low', 2, 'FSmash', 32.7, FALSE, 'None', '');
Insert Into FairCombos Values (5, 7, 'Low', 3, 'DSmash', 29.2, FALSE, 'None', '');

Insert Into DtiltCombos Values (1, 8, 'Low', 1, 'SH Nair', 40.5, FALSE, 'Nair/Fair/Bair/Dair/USmash', '');
Insert Into DtiltCombos Values (2, 8, 'Low', 1, 'USmash', 23.9, FALSE, 'None', 'Optimal after nair combos');
Insert Into DtiltCombos Values (3, 8, 'Low', 3, 'SH Uair', 18.4, FALSE, 'None', '');
Insert Into DtiltCombos Values (4, 8, 'Mid', 1, 'USmash', 23.9, FALSE, 'None', '');
Insert Into DtiltCombos Values (5, 8, 'Mid', 1, 'Dair', 33, FALSE, 'Nair/Fair/Uair', '');
Insert Into DtiltCombos Values (6, 8, 'Mid', 1, 'RAR Dair', 35.2, TRUE, 'Bair', '');
Insert Into DtiltCombos Values (7, 8, 'Mid', 2, 'IRAR Bair', 22.6, FALSE, 'None', '');
Insert Into DtiltCombos Values (8, 8, 'Mid', 2, 'Fair', 21.4, FALSE, 'None', '');
Insert Into DtiltCombos Values (9, 8, 'Mid', 3, 'Nair', 19.4, FALSE, 'None', '');
Insert Into DtiltCombos Values (10, 8, 'High', 1, 'IRAR Bair', 22.6, TRUE, 'None', '');
Insert Into DtiltCombos Values (11, 8, 'High', 1, 'Uair', 21.4, TRUE, 'None', '');
Insert Into DtiltCombos Values (12, 8, 'High', 1, 'DD Uair', 27, TRUE, 'USmash/FSmash', 'Need platform');
Insert Into DtiltCombos Values (13, 8, 'High', 2, 'Fair', 21.4, FALSE, 'None', '');
Insert Into DtiltCombos Values (14, 8, 'High', 3, 'Nair', 19.4, FALSE, 'None', '');

Insert Into UtiltCombos Values (1, 9, 'Low', 1, 'Nair', 23.8, FALSE, 'Fair', 'Fair is possible but uncommon (37%)');
Insert Into UtiltCombos Values (2, 9, 'Mid', 1, 'Nair', 23.8, FALSE, 'None', 'Optimal until uair is true');
Insert Into UtiltCombos Values (3, 9, 'Mid', 1, 'Uair', 25.2, FALSE, 'None', '');
Insert Into UtiltCombos Values (4, 9, 'High', 2, 'Nair', 23.8, FALSE, 'None', 'can set up pseudo loops');
Insert Into UtiltCombos Values (5, 9, 'High', 1, 'Uair', 25.2, TRUE, 'None', '');
Insert Into UtiltCombos Values (6, 9, 'High', 1, 'DD Uair', 32, TRUE, 'USmash/FSmash', 'Need platform');

Insert Into FthrowCombos Values (1, 10, 'Low', 3, 'DashAttack', 26.4, FALSE, 'None', 'Suboptimal to dthrow combos');

Insert Into BthrowCombos Values (1, 11, 'Low', 2, 'Dtilt', 42, FALSE, 'Nair/Usmash', '');
Insert Into BthrowCombos Values (2, 11, 'Low', 3, 'DashAttack', 23.9, FALSE, 'None', '');

Select * From DthrowCombos Where PWindow = 'High' and KillConfirm = True Order By Practicality;















